block,splite,cos
151,10,0.7139249151682163
118,16,0.758638300378809
